Strategy,CAGR,MDD,Sortino,Sharpe
1. VTI Self (Base),0.12717692965763083,-0.195419172126131,1.2934166077742044,1.0293571827686783
2. SCHG Self (Winner),0.15843102492461636,-0.2267030400891443,1.3481914948935976,1.0874292051358243
3. Hybrid (VTI->SCHG),0.15640286591261132,-0.21181825110238764,1.3649354321010578,1.0834621773249158
