Strategy,CAGR,MDD,Sharpe
1. Immediate,0.10790851526024459,-0.2532022412101599,0.8606196673876636
2. 3-Month Lag,0.10726379933446428,-0.25300172334542737,0.8550277755734589
