{
    "runs": 10000,
    "years": 10,
    "cagr": {
        "mean": 0.1521533364301633,
        "median": 0.15066097955182978,
        "worst_5_percent": 0.06492317234874889,
        "best_5_percent": 0.2429568177446377
    },
    "mdd": {
        "mean": -0.23513932295317228,
        "worst_5_percent": -0.35547439052982766,
        "safe_95_percent": -0.1511087030232504
    }
}