{"mean": [-0.02970469234417089, 0.004980393749304213, 0.027531934757967252], "scale": [1.2940046382116903, 0.09844838102645997, 0.07364461159949333]}