{"total_days": 61, "market_return": 0.11219795311061564, "cash_return": 0.00970256516750867, "net_impact": -0.10249538794310697}