{"worst_case": {"cagr": -0.0011967521508607691, "mdd": -0.40069936754239804, "sharpe": 0.08098091622302604}, "probabilities": {"target_cagr": 0.425, "target_mdd": 0.75, "target_sharpe": 0.332}}