{"cagr": 0.07092769510928942, "max_drawdown": -0.17634109103514875, "sharpe_ratio": 0.6601165860314067, "volatility": 0.11393513797628224, "initial_capital": 150000}