{"worst_case": {"cagr": -0.023126987011798827, "mdd": -0.32068012180398975, "sharpe": -0.1492212730622251}, "probabilities": {"target_cagr": 0.065, "target_mdd": 0.933, "target_sharpe": 0.183}}