,CAGR (%),MDD (%),Sharpe,Total Trades
SMA 150,7.8490465493811,-13.625258257885397,0.8259908231971478,106.0
SMA 185,7.042402722627195,-15.018401108149448,0.7445047755421466,100.0
Original Fusion,9.047219983395172,-18.204508208467864,0.8316858012213048,140.0
Optimized Hybrid,6.748032608415744,-14.27232866536695,0.7410152466252723,202.0
